[
  {
    "id": "de722205-0332-4805-89a1-5bdb6ff7b4af",
    "data": [
      {
        "text": "read article of ",
        "userDefined": false
      },
      {
        "text": "thing",
        "alias": "news",
        "meta": "@sys.any",
        "userDefined": true
      }
    ],
    "isTemplate": false,
    "count": 0,
    "updated": 0
  },
  {
    "id": "d14fc064-7d66-4bcc-b806-9e4a2c46d7c7",
    "data": [
      {
        "text": "news about ",
        "userDefined": false
      },
      {
        "text": "this thing",
        "alias": "news",
        "meta": "@sys.any",
        "userDefined": true
      }
    ],
    "isTemplate": false,
    "count": 0,
    "updated": 0
  },
  {
    "id": "c9f0835e-3dfd-46df-97b0-01b18c74f7b6",
    "data": [
      {
        "text": "Update me about ",
        "userDefined": false
      },
      {
        "text": "something",
        "alias": "news",
        "meta": "@sys.any",
        "userDefined": true
      }
    ],
    "isTemplate": false,
    "count": 0,
    "updated": 0
  }
]