[
  {
    "id": "2918d0c0-ce1f-4706-b16c-a02db83b8fce",
    "data": [
      {
        "text": "answer",
        "alias": "answer",
        "meta": "@sys.any",
        "userDefined": true
      }
    ],
    "isTemplate": false,
    "count": 0,
    "updated": 0
  },
  {
    "id": "9b769319-4de6-45d5-b608-a46d63139e9a",
    "data": [
      {
        "text": "the answer is ",
        "userDefined": false
      },
      {
        "text": "this",
        "alias": "answer",
        "meta": "@sys.any",
        "userDefined": true
      }
    ],
    "isTemplate": false,
    "count": 0,
    "updated": 0
  }
]