[
  {
    "id": "0e0df8d8-56af-4e4f-86b4-a5c2be00e5a2",
    "data": [
      {
        "text": "weather",
        "meta": "@sys.ignore",
        "userDefined": false
      },
      {
        "text": " of ",
        "userDefined": false
      },
      {
        "text": "madrid",
        "alias": "geocity",
        "meta": "@sys.geo-city",
        "userDefined": true
      }
    ],
    "isTemplate": false,
    "count": 0,
    "updated": 0
  },
  {
    "id": "bc674a63-0b67-4b0c-8325-0ab060a85a1d",
    "data": [
      {
        "text": "what\u0027s the weather like in ",
        "userDefined": false
      },
      {
        "text": "turin",
        "alias": "geocity",
        "meta": "@sys.geo-city",
        "userDefined": false
      }
    ],
    "isTemplate": false,
    "count": 0,
    "updated": 0
  },
  {
    "id": "4bbd5e72-d50f-4121-9ac6-0d71ae640cf5",
    "data": [
      {
        "text": "tell me about the weather in ",
        "userDefined": false
      },
      {
        "text": "London",
        "alias": "geocity",
        "meta": "@sys.geo-city",
        "userDefined": false
      }
    ],
    "isTemplate": false,
    "count": 0,
    "updated": 0
  }
]