[
  {
    "id": "05864eb6-a37e-4c61-be83-ade36ee87da7",
    "data": [
      {
        "text": "Time to wake up",
        "userDefined": false
      }
    ],
    "isTemplate": false,
    "count": 0,
    "updated": 0
  },
  {
    "id": "4800e563-6b5a-45bd-988d-10467c9a646a",
    "data": [
      {
        "text": "Keep Me Awake",
        "userDefined": false
      }
    ],
    "isTemplate": false,
    "count": 0,
    "updated": 0
  },
  {
    "id": "e729347c-c5f4-4311-b1c1-3204e3fc4e23",
    "data": [
      {
        "text": "Lifesaver Protocol",
        "userDefined": false
      }
    ],
    "isTemplate": false,
    "count": 0,
    "updated": 0
  }
]