[
  {
    "id": "cd9e52e0-0e01-47a9-8e05-b9eb79ff6f11",
    "data": [
      {
        "text": "trivia",
        "alias": "trivia",
        "meta": "@trivia",
        "userDefined": false
      }
    ],
    "isTemplate": false,
    "count": 0,
    "updated": 0
  },
  {
    "id": "7303f615-153d-4d7a-90f9-af664e23ce0b",
    "data": [
      {
        "text": "let\u0027s have a ",
        "userDefined": false
      },
      {
        "text": "trivia",
        "alias": "trivia",
        "meta": "@trivia",
        "userDefined": false
      }
    ],
    "isTemplate": false,
    "count": 0,
    "updated": 0
  },
  {
    "id": "71f55973-96a9-475e-b691-45a9a64c5aa7",
    "data": [
      {
        "text": "ask me a ",
        "userDefined": false
      },
      {
        "text": "question",
        "alias": "trivia",
        "meta": "@trivia",
        "userDefined": false
      }
    ],
    "isTemplate": false,
    "count": 0,
    "updated": 0
  },
  {
    "id": "52b5bd80-242f-4680-88d3-1c3516f5a27f",
    "data": [
      {
        "text": "make a ",
        "userDefined": false
      },
      {
        "text": "riddle",
        "alias": "trivia",
        "meta": "@trivia",
        "userDefined": true
      }
    ],
    "isTemplate": false,
    "count": 0,
    "updated": 0
  }
]