[
  {
    "id": "a6c02a8c-820c-4919-ad10-ec63baa2d500",
    "data": [
      {
        "text": "what can you do?",
        "userDefined": false
      }
    ],
    "isTemplate": false,
    "count": 0,
    "updated": 0
  },
  {
    "id": "54ae4a3c-dbd0-4552-8ce6-6b21a8aa42eb",
    "data": [
      {
        "text": "tell me the options",
        "userDefined": false
      }
    ],
    "isTemplate": false,
    "count": 0,
    "updated": 0
  },
  {
    "id": "6c049c32-1c92-4d0b-ac7e-9d22bf90f503",
    "data": [
      {
        "text": "what can i do?",
        "userDefined": false
      }
    ],
    "isTemplate": false,
    "count": 0,
    "updated": 0
  },
  {
    "id": "8ba80f37-6ab3-42c8-95b7-4f3730ce160c",
    "data": [
      {
        "text": "talk me about my interests",
        "userDefined": false
      }
    ],
    "isTemplate": false,
    "count": 0,
    "updated": 0
  }
]